Site,Transect,species,count,prob.,A. herba-alba Expected coex.,A. herba-alba Real coex.,L. spartum Expected coex.,L. spartum Real coex.,S. vermiculata Expected coex.,S. vermiculata Real coex.
LAUn,1,allium,1,0.0008,0.0768,0,0.4008,1,,
LAUn,1,anacyclu,1,0.0008,0.0768,0,0.4008,0,,
LAUn,1,anaga,1,0.0008,0.0768,0,0.4008,0,,
LAUn,1,ARTIBA,96,0.0768,NA,NA,38.4768,45,,
LAUn,1,ASPH,9,0.0072,0.6912,0,3.6072,2,,
LAUn,1,ASTER,7,0.0056,0.5376,0,2.8056,6,,
LAUn,1,astrase,1,0.0008,0.0768,0,0.4008,0,,
LAUn,1,avebro,27,0.0216,2.0736,0,10.8216,6,,
LAUn,1,avena,1,0.0008,0.0768,0,0.4008,0,,
LAUn,1,BRADI,8,0.0064,0.6144,0,3.2064,2,,
LAUn,1,BRARE,53,0.0424,4.0704,1,21.2424,2,,
LAUn,1,BRORU,8,0.0064,0.6144,1,3.2064,0,,
LAUn,1,bublepru,2,0.0016,0.1536,0,0.8016,0,,
LAUn,1,bupbal,1,0.0008,0.0768,0,0.4008,1,,
LAUn,1,BUPLEU,3,0.0024,0.2304,0,1.2024,1,,
LAUn,1,centa,1,0.0008,0.0768,0,0.4008,1,,
LAUn,1,centratus,1,0.0008,0.0768,1,0.4008,1,,
LAUn,1,DACT,37,0.0296,2.8416,6,14.8296,15,,
LAUn,1,DESMA,1,0.0008,0.0768,0,0.4008,0,,
LAUn,1,DIPCA,14,0.0112,1.0752,1,5.6112,5,,
LAUn,1,echina,1,0.0008,0.0768,0,0.4008,0,,
LAUn,1,efedra,2,0.0016,0.1536,0,0.8016,0,,
LAUn,1,ely,2,0.0016,0.1536,0,0.8016,0,,
LAUn,1,euphe,1,0.0008,0.0768,0,0.4008,1,,
LAUn,1,festuca,1,0.0008,0.0768,0,0.4008,0,,
LAUn,1,FILAGO,7,0.0056,0.5376,0,2.8056,3,,
LAUn,1,GALIVE,2,0.0016,0.1536,0,0.8016,1,,
LAUn,1,GENISCO,10,0.008,0.768,0,4.008,2,,
LAUn,1,globu,7,0.0056,0.5376,0,2.8056,1,,
LAUn,1,helihirt,9,0.0072,0.6912,0,3.6072,1,,
LAUn,1,HELIPI,6,0.0048,0.4608,0,2.4048,3,,
LAUn,1,HELISA,1,0.0008,0.0768,0,0.4008,0,,
LAUn,1,HORDEUM,13,0.0104,0.9984,0,5.2104,9,,
LAUn,1,HYP,8,0.0064,0.6144,0,3.2064,3,,
LAUn,1,junipho,1,0.0008,0.0768,0,0.4008,0,,
LAUn,1,koelerval,29,0.0232,2.2272,0,11.6232,4,,
LAUn,1,LINU,24,0.0192,1.8432,1,9.6192,13,,
LAUn,1,lygi,501,0.4008,38.4768,45,NA,NA,,
LAUn,1,malcomia,20,0.016,1.536,0,8.016,7,,
LAUn,1,MATIOLA,2,0.0016,0.1536,0,0.8016,0,,
LAUn,1,NEATOS,2,0.0016,0.1536,0,0.8016,1,,
LAUn,1,OROBRAN,1,0.0008,0.0768,0,0.4008,0,,
LAUn,1,PLAFRA,4,0.0032,0.3072,0,1.6032,2,,
LAUn,1,PLAL,93,0.0744,7.1424,4,37.2744,38,,
LAUn,1,ROME,198,0.1584,15.2064,2,79.3584,22,,
LAUn,1,RUTA,3,0.0024,0.2304,0,1.2024,0,,
LAUn,1,scabiosa,2,0.0016,0.1536,0,0.8016,0,,
LAUn,1,SEDU,10,0.008,0.768,0,4.008,6,,
LAUn,1,sonchus,6,0.0048,0.4608,2,2.4048,2,,
LAUn,1,SPERGULA,24,0.0192,1.8432,4,9.6192,4,,
LAUn,1,STIPALAG,191,0.1528,14.6688,19,76.5528,37,,
LAUn,1,taraxa,4,0.0032,0.3072,0,1.6032,3,,
LAUn,1,TEUCAP,4,0.0032,0.3072,0,1.6032,2,,
LAUn,1,thapsia,7,0.0056,0.5376,0,2.8056,5,,
LAUn,1,THYMUVU,25,0.02,1.92,1,10.02,12,,
LAUn,2,allium,1,0.000799361,0.0695,0,0.3741,0,0.0048,0
LAUn,2,ARTIBA,87,0.069544365,NA,NA,32.5467,22,0.4176,2
LAUn,2,ASPH,9,0.007194245,0.6255,0,3.3669,4,0.0432,0
LAUn,2,ASTER,12,0.009592326,0.834,0,4.4892,4,0.0576,0
LAUn,2,ASTRAG,1,0.000799361,0.0695,0,0.3741,0,0.0048,0
LAUn,2,avebro,7,0.005595524,0.4865,0,2.6187,4,0.0336,0
LAUn,2,avena,39,0.03117506,2.7105,3,14.5899,9,0.1872,1
LAUn,2,BRADI,1,0.000799361,0.0695,0,0.3741,0,0.0048,0
LAUn,2,BRARE,81,0.064748201,5.6295,0,30.3021,31,0.3888,0
LAUn,2,brodia,2,0.001598721,0.139,0,0.7482,2,0.0096,0
LAUn,2,BRORU,7,0.005595524,0.4865,0,2.6187,2,0.0336,0
LAUn,2,bublepru,11,0.008792966,0.7645,0,4.1151,1,0.0528,0
LAUn,2,cabu,1,0.000799361,0.0695,0,0.3741,0,0.0048,0
LAUn,2,centratus,2,0.001598721,0.139,0,0.7482,1,0.0096,0
LAUn,2,cistuclu,17,0.013589129,1.1815,0,6.3597,3,0.0816,0
LAUn,2,coronilla,7,0.005595524,0.4865,0,2.6187,4,0.0336,0
LAUn,2,DACT,35,0.027977618,2.4325,3,13.0935,10,0.168,0
LAUn,2,DIPCA,15,0.011990408,1.0425,1,5.6115,6,0.072,0
LAUn,2,efedra,10,0.007993605,0.695,0,3.741,3,0.048,0
LAUn,2,ely,4,0.003197442,0.278,2,1.4964,0,0.0192,0
LAUn,2,festuca,1,0.000799361,0.0695,0,0.3741,0,0.0048,0
LAUn,2,FILAGO,2,0.001598721,0.139,0,0.7482,0,0.0096,0
LAUn,2,GENISCO,28,0.022382094,1.946,0,10.4748,3,0.1344,0
LAUn,2,globu,1,0.000799361,0.0695,0,0.3741,1,0.0048,0
LAUn,2,HEDYP,2,0.001598721,0.139,0,0.7482,1,0.0096,0
LAUn,2,helihirt,31,0.024780176,2.1545,1,11.5971,11,0.1488,0
LAUn,2,HELIPI,2,0.001598721,0.139,0,0.7482,0,0.0096,0
LAUn,2,HELISA,6,0.004796163,0.417,1,2.2446,0,0.0288,0
LAUn,2,HELYCRI,4,0.003197442,0.278,0,1.4964,0,0.0192,0
LAUn,2,HORDEUM,9,0.007194245,0.6255,1,3.3669,4,0.0432,0
LAUn,2,koelerval,22,0.017585931,1.529,2,8.2302,3,0.1056,0
LAUn,2,LINU,17,0.013589129,1.1815,0,6.3597,7,0.0816,0
LAUn,2,lygi,468,0.374100719,32.526,22,NA,NA,2.2464,2
LAUn,2,malcomia,6,0.004796163,0.417,0,2.2446,0,0.0288,0
LAUn,2,MATIOLA,1,0.000799361,0.0695,1,0.3741,0,0.0048,0
LAUn,2,MEDI,9,0.007194245,0.6255,0,3.3669,3,0.0432,0
LAUn,2,NEATOS,1,0.000799361,0.0695,0,0.3741,1,0.0048,0
LAUn,2,peganum,2,0.001598721,0.139,0,0.7482,1,0.0096,0
LAUn,2,phalacan,1,0.000799361,0.0695,1,0.3741,0,0.0048,0
LAUn,2,PLAFRA,2,0.001598721,0.139,0,0.7482,0,0.0096,0
LAUn,2,PLAL,129,0.103117506,8.9655,2,48.2589,42,0.6192,1
LAUn,2,plalag,1,0.000799361,0.0695,0,0.3741,0,0.0048,0
LAUn,2,POLYGALA,2,0.001598721,0.139,0,0.7482,1,0.0096,0
LAUn,2,rapis,1,0.000799361,0.0695,0,0.3741,0,0.0048,0
LAUn,2,ROME,148,0.118305356,10.286,0,55.3668,38,0.7104,0
LAUn,2,save,6,0.004796163,0.417,2,2.2446,2,NA,NA
LAUn,2,SEDU,3,0.002398082,0.2085,0,1.1223,0,0.0144,0
LAUn,2,sherardia,2,0.001598721,0.139,0,0.7482,1,0.0096,0
LAUn,2,sisymbrium,2,0.001598721,0.139,0,0.7482,1,0.0096,0
LAUn,2,sonchus,1,0.000799361,0.0695,0,0.3741,0,0.0048,0
LAUn,2,SPERGULA,3,0.002398082,0.2085,0,1.1223,2,0.0144,0
LAUn,2,stella,1,0.000799361,0.0695,0,0.3741,1,0.0048,0
LAUn,2,STIPALAG,242,0.193445244,16.819,25,90.5322,24,1.1616,1
LAUn,2,taraxa,6,0.004796163,0.417,0,2.2446,2,0.0288,0
LAUn,2,TEUCAP,3,0.002398082,0.2085,0,1.1223,0,0.0144,0
LAUn,2,thapsia,2,0.001598721,0.139,0,0.7482,2,0.0096,0
LAUn,2,THYMUVU,34,0.027178257,2.363,0,12.7194,19,0.1632,0
LAUn,2,torilis,9,0.007194245,0.6255,0,3.3669,8,0.0432,0
LAUn,2,trisetum,1,0.000799361,0.0695,0,0.3741,0,0.0048,0
LAUn,2,vicia,5,0.003996803,0.3475,0,1.8705,3,0.024,0
LAUn,2,xeran,1,0.000799361,0.0695,0,0.3741,1,0.0048,0
LAUn,3,aizoon,1,0.0008,0.07686144,0,0.4016,0,0.008,0
LAUn,3,ARTIBA,96,0.0768,NA,NA,38.5536,46,0.768,1
LAUn,3,asphoce,3,0.0024,0.23058432,0,1.2048,2,0.024,0
LAUn,3,ASTER,5,0.004,0.3843072,0,2.008,4,0.04,0
LAUn,3,astrase,2,0.0016,0.15372288,0,0.8032,0,0.016,0
LAUn,3,atrip,6,0.0048,0.46116864,0,2.4096,5,0.048,0
LAUn,3,avebro,20,0.016,1.5372288,1,8.032,7,0.16,0
LAUn,3,avena,5,0.004,0.3843072,0,2.008,3,0.04,0
LAUn,3,BRADI,14,0.0112,1.07606016,3,5.6224,8,0.112,0
LAUn,3,BRARE,54,0.0432,4.15051776,1,21.6864,9,0.432,0
LAUn,3,BRORU,17,0.0136,1.30664448,1,6.8272,10,0.136,0
LAUn,3,buplefru,5,0.004,0.3843072,0,2.008,1,0.04,0
LAUn,3,BUPLEU,5,0.004,0.3843072,0,2.008,0,0.04,0
LAUn,3,centa,1,0.0008,0.07686144,0,0.4016,1,0.008,0
LAUn,3,cistuclu,2,0.0016,0.15372288,0,0.8032,0,0.016,0
LAUn,3,DACT,23,0.0184,1.76781312,3,9.2368,12,0.184,0
LAUn,3,DIPCA,1,0.0008,0.07686144,0,0.4016,0,0.008,0
LAUn,3,efedra,6,0.0048,0.46116864,0,2.4096,0,0.048,0
LAUn,3,eruca,1,0.0008,0.07686144,0,0.4016,0,0.008,0
LAUn,3,FILAGO,3,0.0024,0.23058432,0,1.2048,0,0.024,0
LAUn,3,globu,6,0.0048,0.46116864,0,2.4096,3,0.048,0
LAUn,3,HELIHIRT,3,0.0024,0.23058432,0,1.2048,0,0.024,0
LAUn,3,HELIPI,18,0.0144,1.38350592,2,7.2288,6,0.144,1
LAUn,3,HELISA,1,0.0008,0.07686144,0,0.4016,0,0.008,0
LAUn,3,hordeum,11,0.0088,0.84547584,1,4.4176,5,0.088,0
LAUn,3,HYP,2,0.0016,0.15372288,1,0.8032,0,0.016,0
LAUn,3,junipho,3,0.0024,0.23058432,0,1.2048,0,0.024,0
LAUn,3,koelerval,3,0.0024,0.23058432,0,1.2048,0,0.024,0
LAUn,3,LINU,17,0.0136,1.30664448,0,6.8272,9,0.136,0
LAUn,3,lygi,502,0.4016,38.58444288,46,NA,NA,4.016,2
LAUn,3,malcomia,14,0.0112,1.07606016,0,5.6224,1,0.112,0
LAUn,3,MEDILIT,1,0.0008,0.07686144,0,0.4016,0,0.008,0
LAUn,3,NEATOS,7,0.0056,0.53803008,1,2.8112,1,0.056,0
LAUn,3,PLAFRA,9,0.0072,0.69175296,0,3.6144,6,0.072,0
LAUn,3,PLAL,19,0.0152,1.46036736,0,7.6304,12,0.152,0
LAUn,3,ROME,174,0.1392,13.37389056,1,69.8784,36,1.392,0
LAUn,3,save,10,0.008,0.7686144,1,4.016,2,NA,NA
LAUn,3,SEDU,15,0.012,1.1529216,0,6.024,11,0.12,0
LAUn,3,sherardia,1,0.0008,0.07686144,0,0.4016,0,0.008,0
LAUn,3,sisymbrium,1,0.0008,0.07686144,0,0.4016,0,0.008,0
LAUn,3,sonchus,4,0.0032,0.30744576,0,1.6064,2,0.032,0
LAUn,3,SPERGULA,3,0.0024,0.23058432,1,1.2048,2,0.024,0
LAUn,3,STIPALAG,126,0.1008,9.68454144,27,50.6016,22,1.008,0
LAUn,3,STIPAR,26,0.0208,1.99839744,1,10.4416,6,0.208,0
LAUn,3,taraxa,2,0.0016,0.15372288,0,0.8032,1,0.016,0
LAUn,3,TEUCAP,4,0.0032,0.30744576,1,1.6064,4,0.032,0
LAUn,3,thapsia,19,0.0152,1.46036736,3,7.6304,14,0.152,0
LAUn,3,THYMELEA,1,0.0008,0.07686144,0,0.4016,0,0.008,0
LAUn,3,THYMUVU,49,0.0392,3.76621056,1,19.6784,26,0.392,1
LAUn,4,aegg,2,0.001598721,0.1534,0,0.753,0,,
LAUn,4,aizoon,1,0.000799361,0.0767,0,0.3765,0,,
LAUn,4,alyaly,3,0.002398082,0.2301,0,1.1295,2,,
LAUn,4,ARTIBA,96,0.076738609,NA,NA,36.144,29,,
LAUn,4,asphoce,8,0.006394884,0.6136,0,3.012,8,,
LAUn,4,ASTER,6,0.004796163,0.4602,0,2.259,4,,
LAUn,4,astrag,1,0.000799361,0.0767,0,0.3765,0,,
LAUn,4,avebro,11,0.008792966,0.8437,0,4.1415,3,,
LAUn,4,avena,2,0.001598721,0.1534,1,0.753,0,,
LAUn,4,BRADI,2,0.001598721,0.1534,0,0.753,2,,
LAUn,4,BRARE,83,0.066346922,6.3661,0,31.2495,39,,
LAUn,4,BRORU,1,0.000799361,0.0767,0,0.3765,0,,
LAUn,4,buplefru,3,0.002398082,0.2301,0,1.1295,1,,
LAUn,4,BUPLEU,1,0.000799361,0.0767,0,0.3765,0,,
LAUn,4,cistuclu,14,0.011191047,1.0738,0,5.271,1,,
LAUn,4,crupi,1,0.000799361,0.0767,0,0.3765,0,,
LAUn,4,DACT,21,0.016786571,1.6107,3,7.9065,7,,
LAUn,4,DIPCA,5,0.003996803,0.3835,0,1.8825,2,,
LAUn,4,ely,3,0.002398082,0.2301,0,1.1295,1,,
LAUn,4,GENISCO,25,0.019984013,1.9175,0,9.4125,3,,
LAUn,4,globu,4,0.003197442,0.3068,0,1.506,0,,
LAUn,4,HELIHIRT,50,0.039968026,3.835,1,18.825,22,,
LAUn,4,HELIPI,27,0.021582734,2.0709,1,10.1655,9,,
LAUn,4,HELISA,5,0.003996803,0.3835,0,1.8825,1,,
LAUn,4,HELYCRI,4,0.003197442,0.3068,0,1.506,0,,
LAUn,4,hordeum,4,0.003197442,0.3068,1,1.506,0,,
LAUn,4,HYP,2,0.001598721,0.1534,0,0.753,0,,
LAUn,4,koelerval,15,0.011990408,1.1505,0,5.6475,2,,
LAUn,4,LINU,12,0.009592326,0.9204,0,4.518,7,,
LAUn,4,lygi,471,0.376498801,36.1257,29,NA,NA,,
LAUn,4,malcomia,10,0.007993605,0.767,0,3.765,1,,
LAUn,4,MEDILIT,4,0.003197442,0.3068,0,1.506,1,,
LAUn,4,NEATOS,1,0.000799361,0.0767,0,0.3765,1,,
LAUn,4,onopus,19,0.01518785,1.4573,0,7.1535,3,,
LAUn,4,peganum,2,0.001598721,0.1534,0,0.753,1,,
LAUn,4,PLAFRA,2,0.001598721,0.1534,0,0.753,1,,
LAUn,4,PLAL,56,0.044764189,4.2952,0,21.084,22,,
LAUn,4,poabul,1,0.000799361,0.0767,0,0.3765,0,,
LAUn,4,POLYGALA,1,0.000799361,0.0767,0,0.3765,0,,
LAUn,4,rali,2,0.001598721,0.1534,0,0.753,0,,
LAUn,4,RETAMA,2,0.001598721,0.1534,0,0.753,0,,
LAUn,4,ROME,224,0.179056755,17.1808,2,84.336,54,,
LAUn,4,SEDU,4,0.003197442,0.3068,0,1.506,1,,
LAUn,4,sonchus,6,0.004796163,0.4602,0,2.259,6,,
LAUn,4,SPERGULA,1,0.000799361,0.0767,0,0.3765,0,,
LAUn,4,STIPALAG,156,0.12470024,11.9652,16,58.734,30,,
LAUn,4,STIPAR,16,0.012789768,1.2272,1,6.024,1,,
LAUn,4,taraxa,8,0.006394884,0.6136,0,3.012,3,,
LAUn,4,TEUCAP,6,0.004796163,0.4602,0,2.259,2,,
LAUn,4,THYMUVU,36,0.028776978,2.7612,0,13.554,5,,
LAUn,5,ANAGA,1,0.0008,0.0848,0,0.3704,1,0.0024,0
LAUn,5,ARTIBA,106,0.0848,NA,NA,39.2624,48,0.2544,0
LAUn,5,ASTER,14,0.0112,1.1872,2,5.1856,11,0.0336,0
LAUn,5,atrip,6,0.0048,0.5088,0,2.2224,0,0.0144,0
LAUn,5,avebro,13,0.0104,1.1024,2,4.8152,5,0.0312,0
LAUn,5,BRADI,9,0.0072,0.7632,0,3.3336,2,0.0216,0
LAUn,5,BRARE,154,0.1232,13.0592,4,57.0416,32,0.3696,2
LAUn,5,BRORU,14,0.0112,1.1872,0,5.1856,8,0.0336,0
LAUn,5,buplefru,17,0.0136,1.4416,0,6.2968,2,0.0408,0
LAUn,5,BUPLEU,2,0.0016,0.1696,0,0.7408,0,0.0048,0
LAUn,5,cistuclu,2,0.0016,0.1696,0,0.7408,0,0.0048,0
LAUn,5,DACT,28,0.0224,2.3744,5,10.3712,9,0.0672,0
LAUn,5,DIPCA,1,0.0008,0.0848,0,0.3704,0,0.0024,0
LAUn,5,echina,3,0.0024,0.2544,0,1.1112,2,0.0072,0
LAUn,5,efedra,11,0.0088,0.9328,0,4.0744,2,0.0264,0
LAUn,5,ELY,2,0.0016,0.1696,0,0.7408,0,0.0048,0
LAUn,5,FILAGO,3,0.0024,0.2544,0,1.1112,0,0.0072,0
LAUn,5,GALIVE,3,0.0024,0.2544,0,1.1112,1,0.0072,0
LAUn,5,GENISCO,15,0.012,1.272,0,5.556,4,0.036,0
LAUn,5,globu,13,0.0104,1.1024,1,4.8152,2,0.0312,0
LAUn,5,HELIHIRT,4,0.0032,0.3392,0,1.4816,1,0.0096,0
LAUn,5,HELIPI,14,0.0112,1.1872,0,5.1856,4,0.0336,0
LAUn,5,HELISA,1,0.0008,0.0848,0,0.3704,0,0.0024,0
LAUn,5,HORDEUM,9,0.0072,0.7632,0,3.3336,2,0.0216,0
LAUn,5,HYP,4,0.0032,0.3392,0,1.4816,2,0.0096,0
LAUn,5,junipho,3,0.0024,0.2544,0,1.1112,1,0.0072,0
LAUn,5,koelerval,5,0.004,0.424,0,1.852,1,0.012,0
LAUn,5,LINU,10,0.008,0.848,0,3.704,5,0.024,0
LAUn,5,lygi,463,0.3704,39.2624,48,NA,NA,1.1112,0
LAUn,5,malcomia,16,0.0128,1.3568,0,5.9264,6,0.0384,0
LAUn,5,MATIOLA,2,0.0016,0.1696,1,0.7408,0,0.0048,0
LAUn,5,NEATOS,1,0.0008,0.0848,0,0.3704,1,0.0024,0
LAUn,5,PLAFRA,18,0.0144,1.5264,1,6.6672,6,0.0432,0
LAUn,5,PLAL,2,0.0016,0.1696,0,0.7408,0,0.0048,0
LAUn,5,poabul,5,0.004,0.424,2,1.852,5,0.012,0
LAUn,5,ROME,170,0.136,14.416,4,62.968,38,0.408,2
LAUn,5,save,3,0.0024,0.2544,0,1.1112,0,NA,NA
LAUn,5,SEDU,28,0.0224,2.3744,0,10.3712,15,0.0672,0
LAUn,5,sisymbrium,1,0.0008,0.0848,0,0.3704,1,0.0024,0
LAUn,5,sonchus,1,0.0008,0.0848,0,0.3704,0,0.0024,0
LAUn,5,SPERGULA,4,0.0032,0.3392,1,1.4816,2,0.0096,0
LAUn,5,STIPALAG,84,0.0672,7.1232,10,31.1136,23,0.2016,0
LAUn,5,STIPAR,35,0.028,2.968,1,12.964,9,0.084,0
LAUn,5,taraxa,1,0.0008,0.0848,0,0.3704,1,0.0024,0
LAUn,5,TEUCAP,16,0.0128,1.3568,1,5.9264,10,0.0384,0
LAUn,5,thapsia,5,0.004,0.424,1,1.852,4,0.012,0
LAUn,5,THYMUVU,75,0.06,6.36,3,27.78,33,0.18,0
LAUn,5,trigomon,1,0.0008,0.0848,1,0.3704,0,0.0024,0
LAUn,6,aizon,2,0.001598721,0.2126,0,0.6124,0,0.024,0
LAUn,6,alyaly,2,0.001598721,0.2126,0,0.6124,2,0.024,0
LAUn,6,anacyclu,1,0.000799361,0.1063,0,0.3062,0,0.012,0
LAUn,6,ANAGA,1,0.000799361,0.1063,0,0.3062,0,0.012,0
LAUn,6,ARTIBA,133,0.106314948,NA,NA,40.7246,35,1.596,0
LAUn,6,asphoce,7,0.005595524,0.7441,0,2.1434,7,0.084,0
LAUn,6,ASTER,9,0.007194245,0.9567,0,2.7558,8,0.108,0
LAUn,6,ASTRAG,1,0.000799361,0.1063,0,0.3062,0,0.012,0
LAUn,6,astrase,2,0.001598721,0.2126,0,0.6124,2,0.024,0
LAUn,6,avebro,28,0.022382094,2.9764,3,8.5736,14,0.336,0
LAUn,6,avena,11,0.008792966,1.1693,4,3.3682,4,0.132,0
LAUn,6,BRADI,2,0.001598721,0.2126,0,0.6124,0,0.024,0
LAUn,6,BRARE,62,0.049560352,6.5906,1,18.9844,7,0.744,4
LAUn,6,BRORU,4,0.003197442,0.4252,1,1.2248,2,0.048,0
LAUn,6,buplefru,10,0.007993605,1.063,0,3.062,1,0.12,0
LAUn,6,BUPLEU,1,0.000799361,0.1063,0,0.3062,0,0.012,0
LAUn,6,centa,2,0.001598721,0.2126,0,0.6124,0,0.024,0
LAUn,6,cistuclu,5,0.003996803,0.5315,0,1.531,0,0.06,0
LAUn,6,crepifo,1,0.000799361,0.1063,0,0.3062,1,0.012,0
LAUn,6,DACT,31,0.024780176,3.2953,3,9.4922,7,0.372,0
LAUn,6,DIPCA,3,0.002398082,0.3189,0,0.9186,0,0.036,0
LAUn,6,ely,2,0.001598721,0.2126,1,0.6124,0,0.024,0
LAUn,6,GENISCO,15,0.011990408,1.5945,1,4.593,0,0.18,0
LAUn,6,globu,2,0.001598721,0.2126,0,0.6124,0,0.024,0
LAUn,6,HEDYP,2,0.001598721,0.2126,0,0.6124,2,0.024,0
LAUn,6,helihirt,40,0.03197442,4.252,3,12.248,17,0.48,0
LAUn,6,HELIPI,14,0.011191047,1.4882,0,4.2868,0,0.168,0
LAUn,6,HORDEUM,8,0.006394884,0.8504,0,2.4496,0,0.096,0
LAUn,6,HYP,1,0.000799361,0.1063,0,0.3062,0,0.012,0
LAUn,6,junipho,1,0.000799361,0.1063,0,0.3062,0,0.012,0
LAUn,6,koelerval,11,0.008792966,1.1693,0,3.3682,0,0.132,0
LAUn,6,LINU,25,0.019984013,2.6575,3,7.655,9,0.3,0
LAUn,6,LINUSUB,1,0.000799361,0.1063,0,0.3062,1,0.012,0
LAUn,6,lygi,383,0.306155076,40.7129,35,NA,NA,4.596,5
LAUn,6,malcomia,26,0.020783373,2.7638,2,7.9612,8,0.312,0
LAUn,6,MEDILIT,4,0.003197442,0.4252,0,1.2248,2,0.048,0
LAUn,6,MUSGO,1,0.000799361,0.1063,0,0.3062,0,0.012,0
LAUn,6,NEATOS,2,0.001598721,0.2126,1,0.6124,1,0.024,0
LAUn,6,onopus,1,0.000799361,0.1063,0,0.3062,0,0.012,0
LAUn,6,PEGANUM,4,0.003197442,0.4252,1,1.2248,1,0.048,0
LAUn,6,PLAFRA,8,0.006394884,0.8504,1,2.4496,4,0.096,0
LAUn,6,PLAL,24,0.019184652,2.5512,4,7.3488,3,0.288,0
LAUn,6,polymon,1,0.000799361,0.1063,0,0.3062,0,0.012,0
LAUn,6,rapis,1,0.000799361,0.1063,0,0.3062,0,0.012,0
LAUn,6,ROME,189,0.151079137,20.0907,3,57.8718,14,2.268,1
LAUn,6,save,15,0.011990408,1.5945,0,4.593,5,NA,NA
LAUn,6,SEDU,23,0.018385292,2.4449,2,7.0426,14,0.276,0
LAUn,6,sonchus,4,0.003197442,0.4252,0,1.2248,3,0.048,0
LAUn,6,SPERGULA,7,0.005595524,0.7441,1,2.1434,4,0.084,0
LAUn,6,STIPALAG,102,0.081534772,10.8426,23,31.2324,11,1.224,1
LAUn,6,STIPAR,23,0.018385292,2.4449,2,7.0426,1,0.276,2
LAUn,6,taraxa,13,0.010391687,1.3819,0,3.9806,10,0.156,0
LAUn,6,TEUCAP,5,0.003996803,0.5315,0,1.531,2,0.06,0
LAUn,6,THYMUVU,26,0.020783373,2.7638,1,7.9612,16,0.312,0
LAG,1,aegg,2,0.0016,0.4464,1,0.5664,0,0.1376,0
LAG,1,allium,5,0.004,1.116,1,1.416,1,0.344,1
LAG,1,anacyclu,1,0.0008,0.2232,0,0.2832,0,0.0688,0
LAG,1,anaga,1,0.0008,0.2232,0,0.2832,0,0.0688,0
LAG,1,ARTIBA,279,0.2232,NA,NA,79.0128,51,19.1952,5
LAG,1,aspa,4,0.0032,0.8928,0,1.1328,2,0.2752,0
LAG,1,ASTER,6,0.0048,1.3392,3,1.6992,3,0.4128,1
LAG,1,astrase,3,0.0024,0.6696,0,0.8496,1,0.2064,0
LAG,1,atracthu,3,0.0024,0.6696,2,0.8496,1,0.2064,0
LAG,1,atrip,34,0.0272,7.5888,4,9.6288,4,2.3392,4
LAG,1,avena,45,0.036,10.044,16,12.744,14,3.096,2
LAG,1,avenula,1,0.0008,0.2232,1,0.2832,0,0.0688,0
LAG,1,BRADI,110,0.088,24.552,34,31.152,14,7.568,12
LAG,1,BRARE,5,0.004,1.116,3,1.416,0,0.344,0
LAG,1,BRORU,24,0.0192,5.3568,14,6.7968,4,1.6512,1
LAG,1,bupba,2,0.0016,0.4464,0,0.5664,0,0.1376,0
LAG,1,centa,5,0.004,1.116,0,1.416,0,0.344,2
LAG,1,compu13,5,0.004,1.116,3,1.416,1,0.344,0
LAG,1,crepifo,12,0.0096,2.6784,5,3.3984,3,0.8256,0
LAG,1,DACT,59,0.0472,13.1688,17,16.7088,17,4.0592,6
LAG,1,DESMA,1,0.0008,0.2232,0,0.2832,1,0.0688,0
LAG,1,echina,4,0.0032,0.8928,1,1.1328,2,0.2752,0
LAG,1,festuca,5,0.004,1.116,2,1.416,0,0.344,0
LAG,1,FILAGO,9,0.0072,2.0088,1,2.5488,3,0.6192,0
LAG,1,GALIVE,12,0.0096,2.6784,2,3.3984,3,0.8256,1
LAG,1,geranium,2,0.0016,0.4464,1,0.5664,0,0.1376,0
LAG,1,HEDYP,10,0.008,2.232,2,2.832,0,0.688,0
LAG,1,HELIPI,5,0.004,1.116,0,1.416,4,0.344,0
LAG,1,HELISA,2,0.0016,0.4464,0,0.5664,0,0.1376,0
LAG,1,HERNFRU,1,0.0008,0.2232,0,0.2832,0,0.0688,0
LAG,1,HORDEUM,5,0.004,1.116,1,1.416,2,0.344,0
LAG,1,HYP,7,0.0056,1.5624,1,1.9824,1,0.4816,1
LAG,1,koelerval,5,0.004,1.116,1,1.416,0,0.344,1
LAG,1,limon,1,0.0008,0.2232,0,0.2832,1,0.0688,0
LAG,1,LINU,20,0.016,4.464,4,5.664,4,1.376,5
LAG,1,lygi,354,0.2832,79.0128,50,NA,NA,24.3552,6
LAG,1,malcomia,5,0.004,1.116,0,1.416,0,0.344,0
LAG,1,MATIOLA,2,0.0016,0.4464,0,0.5664,0,0.1376,0
LAG,1,MEDI,49,0.0392,10.9368,9,13.8768,13,3.3712,7
LAG,1,medilup,3,0.0024,0.6696,0,0.8496,0,0.2064,0
LAG,1,NEATOS,4,0.0032,0.8928,1,1.1328,0,0.2752,2
LAG,1,phalaris,5,0.004,1.116,0,1.416,0,0.344,1
LAG,1,PLAL,115,0.092,25.668,29,32.568,21,7.912,10
LAG,1,POLYGALA,5,0.004,1.116,2,1.416,2,0.344,1
LAG,1,RETAMA,11,0.0088,2.4552,3,3.1152,2,0.7568,0
LAG,1,ROME,4,0.0032,0.8928,0,1.1328,2,0.2752,0
LAG,1,sangui,3,0.0024,0.6696,1,0.8496,1,0.2064,0
LAG,1,save,86,0.0688,19.1952,3,24.3552,5,NA,NA
LAG,1,SEDU,1,0.0008,0.2232,0,0.2832,1,0.0688,0
LAG,1,sherardia,2,0.0016,0.4464,0,0.5664,0,0.1376,0
LAG,1,sonchus,2,0.0016,0.4464,1,0.5664,1,0.1376,0
LAG,1,SPERGULA,71,0.0568,15.8472,27,20.1072,23,4.8848,8
LAG,1,STIPALAG,64,0.0512,14.2848,14,18.1248,3,4.4032,7
LAG,1,STIPAR,1,0.0008,0.2232,0,0.2832,0,0.0688,0
LAG,1,taenia,12,0.0096,2.6784,6,3.3984,0,0.8256,2
LAG,1,taraxa,6,0.0048,1.3392,1,1.6992,2,0.4128,1
LAG,1,TEUCAP,4,0.0032,0.8928,1,1.1328,2,0.2752,2
LAG,1,THYMUVU,17,0.0136,3.7944,0,4.8144,9,1.1696,0
LAG,1,torilis,28,0.0224,6.2496,11,7.9296,5,1.9264,3
LAG,1,vicia,14,0.0112,3.1248,5,3.9648,8,0.9632,0
LAG,1,xeran,1,0.0008,0.2232,0,0.2832,0,0.0688,0
LAG,2,aegg,17,0.013589129,2.1471,6,5.0694,3,0.204,0
LAG,2,ARTIBA,158,0.126298961,NA,NA,47.1156,33,1.896,1
LAG,2,ASPH,7,0.005595524,0.8841,0,2.0874,2,0.084,1
LAG,2,ASTER,2,0.001598721,0.2526,0,0.5964,2,0.024,0
LAG,2,astrain,1,0.000799361,0.1263,0,0.2982,1,0.012,0
LAG,2,atrip,1,0.000799361,0.1263,0,0.2982,0,0.012,0
LAG,2,BRADI,25,0.019984013,3.1575,7,7.455,6,0.3,0
LAG,2,BRARE,57,0.045563549,7.1991,5,16.9974,22,0.684,0
LAG,2,BRORU,2,0.001598721,0.2526,1,0.5964,0,0.024,0
LAG,2,cabu,1,0.000799361,0.1263,0,0.2982,0,0.012,0
LAG,2,cardo1,2,0.001598721,0.2526,0,0.5964,1,0.024,0
LAG,2,compu16,1,0.000799361,0.1263,0,0.2982,0,0.012,0
LAG,2,crepifo,5,0.003996803,0.6315,1,1.491,4,0.06,0
LAG,2,cruci,1,0.000799361,0.1263,0,0.2982,0,0.012,0
LAG,2,DACT,35,0.027977618,4.4205,4,10.437,12,0.42,0
LAG,2,echina,1,0.000799361,0.1263,0,0.2982,0,0.012,0
LAG,2,festuca,6,0.004796163,0.7578,0,1.7892,2,0.072,0
LAG,2,FILAGO,1,0.000799361,0.1263,0,0.2982,1,0.012,0
LAG,2,fuer,4,0.003197442,0.5052,0,1.1928,0,0.048,0
LAG,2,GALIVE,1,0.000799361,0.1263,0,0.2982,0,0.012,0
LAG,2,geranium,1,0.000799361,0.1263,0,0.2982,0,0.012,0
LAG,2,HELIPI,7,0.005595524,0.8841,2,2.0874,3,0.084,0
LAG,2,HELISA,2,0.001598721,0.2526,0,0.5964,1,0.024,0
LAG,2,HORDEUM,3,0.002398082,0.3789,1,0.8946,0,0.036,0
LAG,2,HYP,2,0.001598721,0.2526,0,0.5964,1,0.024,0
LAG,2,koelerval,18,0.014388489,2.2734,2,5.3676,5,0.216,0
LAG,2,LALA,1,0.000799361,0.1263,0,0.2982,0,0.012,0
LAG,2,LINU,3,0.002398082,0.3789,0,0.8946,0,0.036,0
LAG,2,LOPE,1,0.000799361,0.1263,0,0.2982,0,0.012,0
LAG,2,lygi,373,0.298161471,47.1099,32,NA,NA,4.476,2
LAG,2,malcomia,9,0.007194245,1.1367,1,2.6838,0,0.108,1
LAG,2,MATIOLA,2,0.001598721,0.2526,1,0.5964,0,0.024,1
LAG,2,MEDI,3,0.002398082,0.3789,1,0.8946,0,0.036,0
LAG,2,muscari,2,0.001598721,0.2526,0,0.5964,0,0.024,0
LAG,2,NEATOS,1,0.000799361,0.1263,0,0.2982,0,0.012,0
LAG,2,PLAL,26,0.020783373,3.2838,4,7.7532,6,0.312,0
LAG,2,POLYGALA,1,0.000799361,0.1263,1,0.2982,0,0.012,0
LAG,2,ROME,38,0.030375699,4.7994,1,11.3316,8,0.456,0
LAG,2,RUTA,1,0.000799361,0.1263,0,0.2982,0,0.012,0
LAG,2,save,15,0.011990408,1.8945,0,4.473,2,NA,NA
LAG,2,scabiosa,1,0.000799361,0.1263,0,0.2982,0,0.012,0
LAG,2,SEDU,1,0.000799361,0.1263,0,0.2982,0,0.012,0
LAG,2,sonchus,1,0.000799361,0.1263,0,0.2982,0,0.012,0
LAG,2,SPERGULA,4,0.003197442,0.5052,3,1.1928,1,0.048,0
LAG,2,STIPALAG,127,0.101518785,16.0401,27,37.8714,12,1.524,2
LAG,2,STIPAR,3,0.002398082,0.3789,0,0.8946,0,0.036,0
LAG,2,taraxa,6,0.004796163,0.7578,0,1.7892,6,0.072,0
LAG,2,THYMUVU,11,0.008792966,1.3893,0,3.2802,6,0.132,0
LAG,2,torilis,1,0.000799361,0.1263,0,0.2982,1,0.012,0
LAG,3,aegg,3,0.0024,0.348,1,1.0032,1,0.072,0
LAG,3,allium,3,0.0024,0.348,0,1.0032,0,0.072,0
LAG,3,ARTIBA,145,0.116,NA,NA,48.488,44,3.48,6
LAG,3,ASTER,1,0.0008,0.116,0,0.3344,1,0.024,0
LAG,3,ASTRAG,2,0.0016,0.232,0,0.6688,2,0.048,0
LAG,3,atrip,16,0.0128,1.856,0,5.3504,5,0.384,1
LAG,3,avena,5,0.004,0.58,1,1.672,3,0.12,0
LAG,3,BRADI,147,0.1176,17.052,33,49.1568,46,3.528,5
LAG,3,BRARE,18,0.0144,2.088,2,6.0192,12,0.432,0
LAG,3,BRORU,5,0.004,0.58,1,1.672,0,0.12,2
LAG,3,BUPLEU,2,0.0016,0.232,0,0.6688,1,0.048,0
LAG,3,cabu,2,0.0016,0.232,0,0.6688,1,0.048,0
LAG,3,DACT,9,0.0072,1.044,4,3.0096,6,0.216,0
LAG,3,DESMA,13,0.0104,1.508,1,4.3472,1,0.312,0
LAG,3,FILAGO,3,0.0024,0.348,0,1.0032,0,0.072,2
LAG,3,GALIVE,1,0.0008,0.116,0,0.3344,1,0.024,0
LAG,3,HEDYP,1,0.0008,0.116,0,0.3344,1,0.024,0
LAG,3,HELIPI,1,0.0008,0.116,0,0.3344,1,0.024,0
LAG,3,HELISA,11,0.0088,1.276,2,3.6784,5,0.264,0
LAG,3,HYP,4,0.0032,0.464,1,1.3376,1,0.096,0
LAG,3,junitur,1,0.0008,0.116,0,0.3344,0,0.024,0
LAG,3,koelerval,3,0.0024,0.348,0,1.0032,1,0.072,0
LAG,3,LINU,12,0.0096,1.392,1,4.0128,7,0.288,0
LAG,3,lygi,418,0.3344,48.488,44,NA,NA,10.032,8
LAG,3,malcomia,12,0.0096,1.392,2,4.0128,3,0.288,0
LAG,3,medilit,5,0.004,0.58,0,1.672,1,0.12,0
LAG,3,NEATOS,2,0.0016,0.232,0,0.6688,1,0.048,0
LAG,3,PLAL,155,0.124,17.98,11,51.832,73,3.72,2
LAG,3,polymon,3,0.0024,0.348,0,1.0032,3,0.072,0
LAG,3,ROME,6,0.0048,0.696,0,2.0064,2,0.144,0
LAG,3,save,30,0.024,3.48,6,10.032,8,NA,NA
LAG,3,scabiosa,3,0.0024,0.348,0,1.0032,1,0.072,0
LAG,3,SEDU,3,0.0024,0.348,1,1.0032,1,0.072,1
LAG,3,sherardia,13,0.0104,1.508,1,4.3472,8,0.312,0
LAG,3,sisymbrium,1,0.0008,0.116,1,0.3344,1,0.024,0
LAG,3,sonchus,7,0.0056,0.812,1,2.3408,6,0.168,0
LAG,3,STIPALAG,38,0.0304,4.408,8,12.7072,4,0.912,0
LAG,3,STIPAR,7,0.0056,0.812,2,2.3408,1,0.168,0
LAG,3,taraxa,7,0.0056,0.812,1,2.3408,5,0.168,0
LAG,3,torilis,4,0.0032,0.464,0,1.3376,2,0.096,0
LAG,3,trif,2,0.0016,0.232,0,0.6688,2,0.048,0
LAG,4,aegg,11,0.008792966,1.7501,4,3.3066,4,0.4312,1
LAG,4,ARTIBA,199,0.159072742,NA,NA,59.8194,51,7.8008,8
LAG,4,ASPH,1,0.000799361,0.1591,0,0.3006,1,0.0392,0
LAG,4,asphoce,4,0.003197442,0.6364,0,1.2024,0,0.1568,0
LAG,4,ASTER,1,0.000799361,0.1591,0,0.3006,0,0.0392,0
LAG,4,ASTRAG,1,0.000799361,0.1591,0,0.3006,0,0.0392,0
LAG,4,avebro,2,0.001598721,0.3182,0,0.6012,0,0.0784,0
LAG,4,avena,21,0.016786571,3.3411,2,6.3126,12,0.8232,2
LAG,4,BRADI,26,0.020783373,4.1366,4,7.8156,5,1.0192,1
LAG,4,BRARE,41,0.032773781,6.5231,9,12.3246,7,1.6072,0
LAG,4,BRORU,8,0.006394884,1.2728,2,2.4048,2,0.3136,1
LAG,4,BUPLEU,1,0.000799361,0.1591,1,0.3006,0,0.0392,0
LAG,4,cabu,3,0.002398082,0.4773,1,0.9018,1,0.1176,1
LAG,4,centa,6,0.004796163,0.9546,3,1.8036,0,0.2352,0
LAG,4,DACT,25,0.019984013,3.9775,10,7.515,7,0.98,2
LAG,4,DESMA,3,0.002398082,0.4773,0,0.9018,1,0.1176,0
LAG,4,DIPCA,1,0.000799361,0.1591,0,0.3006,1,0.0392,0
LAG,4,dory,1,0.000799361,0.1591,0,0.3006,0,0.0392,0
LAG,4,erodium,1,0.000799361,0.1591,1,0.3006,0,0.0392,0
LAG,4,FILAGO,2,0.001598721,0.3182,1,0.6012,0,0.0784,0
LAG,4,GALIVE,4,0.003197442,0.6364,4,1.2024,0,0.1568,0
LAG,4,GENISCO,6,0.004796163,0.9546,0,1.8036,0,0.2352,0
LAG,4,geranium,2,0.001598721,0.3182,0,0.6012,1,0.0784,0
LAG,4,HEDYP,2,0.001598721,0.3182,0,0.6012,1,0.0784,0
LAG,4,HELIPI,12,0.009592326,1.9092,3,3.6072,5,0.4704,0
LAG,4,HELISA,1,0.000799361,0.1591,0,0.3006,0,0.0392,0
LAG,4,HORDEUM,27,0.021582734,4.2957,7,8.1162,1,1.0584,3
LAG,4,koelerval,11,0.008792966,1.7501,1,3.3066,3,0.4312,0
LAG,4,LINU,5,0.003996803,0.7955,1,1.503,1,0.196,0
LAG,4,lygi,376,0.300559552,59.8216,50,NA,NA,14.7392,13
LAG,4,malcomia,15,0.011990408,2.3865,2,4.509,1,0.588,0
LAG,4,MEDILIT,7,0.005595524,1.1137,0,2.1042,2,0.2744,1
LAG,4,NEATOS,4,0.003197442,0.6364,0,1.2024,1,0.1568,0
LAG,4,PEGANUM,2,0.001598721,0.3182,0,0.6012,0,0.0784,0
LAG,4,phalaris,1,0.000799361,0.1591,1,0.3006,0,0.0392,0
LAG,4,PLAFRA,1,0.000799361,0.1591,0,0.3006,0,0.0392,0
LAG,4,PLAL,49,0.039168665,7.7959,3,14.7294,17,1.9208,0
LAG,4,plalag,7,0.005595524,1.1137,1,2.1042,3,0.2744,0
LAG,4,polymon,1,0.000799361,0.1591,1,0.3006,1,0.0392,0
LAG,4,ROME,38,0.030375699,6.0458,1,11.4228,5,1.4896,1
LAG,4,save,49,0.039168665,7.7959,7,14.7294,13,NA,NA
LAG,4,scabiosa,1,0.000799361,0.1591,0,0.3006,1,0.0392,0
LAG,4,SEDU,4,0.003197442,0.6364,0,1.2024,4,0.1568,0
LAG,4,sherardia,10,0.007993605,1.591,1,3.006,3,0.392,0
LAG,4,sonchus,10,0.007993605,1.591,3,3.006,4,0.392,0
LAG,4,spergula,2,0.001598721,0.3182,2,0.6012,0,0.0784,0
LAG,4,STIPALAG,103,0.082334133,16.3873,29,30.9618,8,4.0376,8
LAG,4,taenia,6,0.004796163,0.9546,3,1.8036,0,0.2352,0
LAG,4,taraxa,14,0.011191047,2.2274,1,4.2084,11,0.5488,1
LAG,4,TEUCAP,1,0.000799361,0.1591,0,0.3006,1,0.0392,0
LAG,4,THYMUVU,24,0.019184652,3.8184,2,7.2144,10,0.9408,0
LAG,4,torilis,3,0.002398082,0.4773,2,0.9018,0,0.1176,2
LAG,5,allium,1,0.0008,0.116,0,0.4584,0,0.016,0
LAG,5,anu14,1,0.0008,0.116,0,0.4584,1,0.016,0
LAG,5,ARTIBA,145,0.116,NA,NA,66.468,47,2.32,3
LAG,5,ASTER,12,0.0096,1.392,0,5.5008,10,0.192,0
LAG,5,ASTRAG,2,0.0016,0.232,1,0.9168,0,0.032,0
LAG,5,atrip,1,0.0008,0.116,0,0.4584,0,0.016,0
LAG,5,avena,4,0.0032,0.464,0,1.8336,1,0.064,0
LAG,5,BRADI,299,0.2392,34.684,38,137.0616,149,4.784,1
LAG,5,BRARE,31,0.0248,3.596,1,14.2104,14,0.496,0
LAG,5,BRORU,2,0.0016,0.232,1,0.9168,1,0.032,0
LAG,5,compu1,2,0.0016,0.232,0,0.9168,1,0.032,0
LAG,5,crepis,6,0.0048,0.696,0,2.7504,6,0.096,0
LAG,5,DACT,9,0.0072,1.044,1,4.1256,6,0.144,0
LAG,5,dipca,2,0.0016,0.232,0,0.9168,1,0.032,0
LAG,5,FILAGO,2,0.0016,0.232,0,0.9168,1,0.032,0
LAG,5,GALIVE,4,0.0032,0.464,2,1.8336,3,0.064,0
LAG,5,GENISCO,2,0.0016,0.232,0,0.9168,2,0.032,0
LAG,5,geranium,3,0.0024,0.348,0,1.3752,0,0.048,0
LAG,5,HEDYP,1,0.0008,0.116,0,0.4584,0,0.016,0
LAG,5,HELIPI,2,0.0016,0.232,0,0.9168,1,0.032,0
LAG,5,HELISA,3,0.0024,0.348,0,1.3752,2,0.048,0
LAG,5,hippocom,1,0.0008,0.116,0,0.4584,0,0.016,0
LAG,5,HORDEUM,1,0.0008,0.116,0,0.4584,0,0.016,0
LAG,5,HYP,19,0.0152,2.204,1,8.7096,7,0.304,0
LAG,5,koelerval,12,0.0096,1.392,2,5.5008,6,0.192,1
LAG,5,LINU,11,0.0088,1.276,1,5.0424,6,0.176,0
LAG,5,lygi,573,0.4584,66.468,47,NA,NA,9.168,5
LAG,5,MEDILIT,3,0.0024,0.348,0,1.3752,1,0.048,0
LAG,5,NEATOS,2,0.0016,0.232,0,0.9168,1,0.032,0
LAG,5,PLAL,155,0.124,17.98,9,71.052,92,2.48,0
LAG,5,plalag,18,0.0144,2.088,0,8.2512,7,0.288,1
LAG,5,poabul,1,0.0008,0.116,1,0.4584,0,0.016,0
LAG,5,POLYGALA,1,0.0008,0.116,0,0.4584,0,0.016,0
LAG,5,polymon,1,0.0008,0.116,0,0.4584,0,0.016,0
LAG,5,ROME,15,0.012,1.74,0,6.876,2,0.24,0
LAG,5,save,20,0.016,2.32,3,9.168,5,NA,NA
LAG,5,scabiosa,1,0.0008,0.116,0,0.4584,0,0.016,0
LAG,5,SEDU,8,0.0064,0.928,1,3.6672,4,0.128,3
LAG,5,sonchus,2,0.0016,0.232,1,0.9168,1,0.032,0
LAG,5,SPERGULA,29,0.0232,3.364,6,13.2936,19,0.464,1
LAG,5,STIPALAG,110,0.088,12.76,26,50.424,16,1.76,2
LAG,5,STIPAR,2,0.0016,0.232,0,0.9168,0,0.032,0
LAG,5,taraxa,14,0.0112,1.624,1,6.4176,8,0.224,1
LAG,5,TEUCAP,1,0.0008,0.116,0,0.4584,1,0.016,0
LAG,5,THYMUVU,6,0.0048,0.696,0,2.7504,1,0.096,1
LAG,5,torilis,1,0.0008,0.116,1,0.4584,0,0.016,0
LAG,5,trigomon,7,0.0056,0.812,0,3.2088,4,0.112,0
LAG,5,vicia,1,0.0008,0.116,0,0.4584,1,0.016,0
LAG,6,allium,4,0.003197442,0.7324,1,1.0904,1,0.0768,0
LAG,6,ARTIBA,229,0.183053557,NA,NA,62.4254,17,4.3968,6
LAG,6,ASPH,1,0.000799361,0.1831,1,0.2726,0,0.0192,0
LAG,6,asphoce,2,0.001598721,0.3662,0,0.5452,1,0.0384,0
LAG,6,ASTER,3,0.002398082,0.5493,0,0.8178,1,0.0576,0
LAG,6,ASTRAG,3,0.002398082,0.5493,1,0.8178,1,0.0576,0
LAG,6,astrain,3,0.002398082,0.5493,0,0.8178,2,0.0576,0
LAG,6,atracthu,4,0.003197442,0.7324,0,1.0904,0,0.0768,1
LAG,6,atrip,2,0.001598721,0.3662,0,0.5452,1,0.0384,0
LAG,6,avebro,3,0.002398082,0.5493,0,0.8178,0,0.0576,0
LAG,6,avena,50,0.039968026,9.155,9,13.63,24,0.96,0
LAG,6,BRADI,146,0.116706635,26.7326,22,39.7996,37,2.8032,1
LAG,6,BRARE,61,0.048760991,11.1691,13,16.6286,2,1.1712,0
LAG,6,brodia,5,0.003996803,0.9155,0,1.363,2,0.096,0
LAG,6,brohor,1,0.000799361,0.1831,0,0.2726,0,0.0192,0
LAG,6,bromad,39,0.03117506,7.1409,0,10.6314,21,0.7488,1
LAG,6,bromus2,1,0.000799361,0.1831,0,0.2726,1,0.0192,0
LAG,6,BRORU,11,0.008792966,2.0141,1,2.9986,1,0.2112,1
LAG,6,bupba,2,0.001598721,0.3662,0,0.5452,0,0.0384,0
LAG,6,BUPLEU,3,0.002398082,0.5493,0,0.8178,1,0.0576,0
LAG,6,centa,6,0.004796163,1.0986,0,1.6356,2,0.1152,0
LAG,6,crepis,11,0.008792966,2.0141,1,2.9986,3,0.2112,0
LAG,6,cruci,2,0.001598721,0.3662,0,0.5452,0,0.0384,0
LAG,6,DACT,44,0.035171863,8.0564,10,11.9944,9,0.8448,0
LAG,6,DIPCA,10,0.007993605,1.831,2,2.726,0,0.192,0
LAG,6,diplovir,1,0.000799361,0.1831,0,0.2726,0,0.0192,0
LAG,6,euphe,2,0.001598721,0.3662,2,0.5452,0,0.0384,0
LAG,6,FILAGO,2,0.001598721,0.3662,0,0.5452,1,0.0384,0
LAG,6,GALIVE,6,0.004796163,1.0986,1,1.6356,2,0.1152,0
LAG,6,geranium,5,0.003996803,0.9155,1,1.363,0,0.096,1
LAG,6,hedyp,4,0.003197442,0.7324,0,1.0904,2,0.0768,0
LAG,6,HELIPI,3,0.002398082,0.5493,1,0.8178,0,0.0576,0
LAG,6,HELISA,5,0.003996803,0.9155,2,1.363,0,0.096,0
LAG,6,HORDEUM,102,0.081534772,18.6762,19,27.8052,16,1.9584,0
LAG,6,HYP,5,0.003996803,0.9155,3,1.363,0,0.096,0
LAG,6,koelerval,6,0.004796163,1.0986,1,1.6356,0,0.1152,1
LAG,6,LINU,7,0.005595524,1.2817,2,1.9082,3,0.1344,0
LAG,6,lope,2,0.001598721,0.3662,0,0.5452,1,0.0384,0
LAG,6,lygi,341,0.272581934,62.4371,19,NA,NA,6.5472,6
LAG,6,malcomia,11,0.008792966,2.0141,0,2.9986,0,0.2112,0
LAG,6,mantisal,6,0.004796163,1.0986,0,1.6356,1,0.1152,0
LAG,6,MEDI,2,0.001598721,0.3662,2,0.5452,0,0.0384,0
LAG,6,MEDILIT,46,0.036770584,8.4226,4,12.5396,18,0.8832,0
LAG,6,melica,3,0.002398082,0.5493,0,0.8178,2,0.0576,0
LAG,6,NEATOS,7,0.005595524,1.2817,2,1.9082,3,0.1344,0
LAG,6,PEGANUM,4,0.003197442,0.7324,1,1.0904,0,0.0768,0
LAG,6,PLAL,148,0.118305356,27.0988,27,40.3448,25,2.8416,4
LAG,6,plalag,22,0.017585931,4.0282,2,5.9972,6,0.4224,2
LAG,6,poabul,2,0.001598721,0.3662,0,0.5452,0,0.0384,0
LAG,6,POLYGALA,2,0.001598721,0.3662,1,0.5452,0,0.0384,0
LAG,6,rapis,11,0.008792966,2.0141,0,2.9986,2,0.2112,0
LAG,6,RESE,4,0.003197442,0.7324,0,1.0904,1,0.0768,0
LAG,6,ROME,2,0.001598721,0.3662,0,0.5452,0,0.0384,0
LAG,6,save,24,0.019184652,4.3944,6,6.5424,4,NA,NA
LAG,6,scabiosa,1,0.000799361,0.1831,1,0.2726,0,0.0192,0
LAG,6,SENECIO,1,0.000799361,0.1831,0,0.2726,0,0.0192,0
LAG,6,sisymbrium,4,0.003197442,0.7324,0,1.0904,1,0.0768,0
LAG,6,sonchus,4,0.003197442,0.7324,2,1.0904,0,0.0768,0
LAG,6,SPERGULA,30,0.023980815,5.493,7,8.178,13,0.576,1
LAG,6,STIPALAG,340,0.271782574,62.254,105,92.684,24,6.528,15
LAG,6,taenia,4,0.003197442,0.7324,0,1.0904,0,0.0768,0
LAG,6,taraxa,12,0.009592326,2.1972,1,3.2712,4,0.2304,0
LAG,6,THYMUVU,4,0.003197442,0.7324,0,1.0904,0,0.0768,0
LAG,6,torilis,1,0.000799361,0.1831,1,0.2726,0,0.0192,0
LAG,6,trigomon,1,0.000799361,0.1831,1,0.2726,0,0.0192,0
LAG,6,xeran,6,0.004796163,1.0986,0,1.6356,3,0.1152,0
MAUn,1,aegg,1,0.0008,0.3016,1,0.212,1,0.0624,0
MAUn,1,anacyclu,3,0.0024,0.9048,0,0.636,2,0.1872,0
MAUn,1,ANAGA,1,0.0008,0.3016,0,0.212,1,0.0624,0
MAUn,1,anual,5,0.004,1.508,1,1.06,1,0.312,0
MAUn,1,ARTIBA,377,0.3016,NA,NA,79.924,38,23.5248,13
MAUn,1,ASPH,15,0.012,4.524,2,3.18,1,0.936,1
MAUn,1,ASTER,3,0.0024,0.9048,1,0.636,3,0.1872,0
MAUn,1,ASTRAG,29,0.0232,8.7464,9,6.148,2,1.8096,2
MAUn,1,BRADI,5,0.004,1.508,0,1.06,0,0.312,0
MAUn,1,BRORU,25,0.02,7.54,9,5.3,7,1.56,4
MAUn,1,BUPLEU,6,0.0048,1.8096,0,1.272,1,0.3744,1
MAUn,1,cabu,1,0.0008,0.3016,0,0.212,1,0.0624,0
MAUn,1,conv,5,0.004,1.508,0,1.06,0,0.312,0
MAUn,1,DACT,132,0.1056,39.8112,43,27.984,35,8.2368,18
MAUn,1,desma,4,0.0032,1.2064,1,0.848,2,0.2496,0
MAUn,1,DIPLO,1,0.0008,0.3016,0,0.212,0,0.0624,0
MAUn,1,elyrep,3,0.0024,0.9048,0,0.636,0,0.1872,0
MAUn,1,euphe,7,0.0056,2.1112,1,1.484,3,0.4368,1
MAUn,1,FILAGO,7,0.0056,2.1112,0,1.484,1,0.4368,0
MAUn,1,GALIVE,16,0.0128,4.8256,1,3.392,9,0.9984,4
MAUn,1,geranium,2,0.0016,0.6032,0,0.424,0,0.1248,0
MAUn,1,HEDISA,1,0.0008,0.3016,0,0.212,0,0.0624,0
MAUn,1,HELISA,6,0.0048,1.8096,0,1.272,2,0.3744,0
MAUn,1,HORDEUM,1,0.0008,0.3016,0,0.212,0,0.0624,0
MAUn,1,HYP,3,0.0024,0.9048,0,0.636,2,0.1872,0
MAUn,1,LINU,16,0.0128,4.8256,2,3.392,7,0.9984,4
MAUn,1,LOPE,1,0.0008,0.3016,0,0.212,0,0.0624,0
MAUn,1,lygi,265,0.212,79.924,39,NA,NA,16.536,15
MAUn,1,MATIOLA,2,0.0016,0.6032,0,0.424,0,0.1248,1
MAUn,1,MEDI,7,0.0056,2.1112,2,1.484,2,0.4368,1
MAUn,1,NEATOS,1,0.0008,0.3016,1,0.212,0,0.0624,0
MAUn,1,phalaris,13,0.0104,3.9208,7,2.756,3,0.8112,1
MAUn,1,PLAFRA,22,0.0176,6.6352,6,4.664,9,1.3728,1
MAUn,1,PLAL,26,0.0208,7.8416,6,5.512,9,1.6224,2
MAUn,1,plalag,1,0.0008,0.3016,0,0.212,1,0.0624,1
MAUn,1,save,78,0.0624,23.5248,13,16.536,15,NA,NA
MAUn,1,sonchus,8,0.0064,2.4128,2,1.696,5,0.4992,1
MAUn,1,STIPAR,44,0.0352,13.2704,19,9.328,2,2.7456,3
MAUn,1,SUAEDA,26,0.0208,7.8416,5,5.512,2,1.6224,1
MAUn,1,trigomon,11,0.0088,3.3176,5,2.332,2,0.6864,2
MAUn,2,anual,3,0.002398082,0.801,1,0.024,0,0.4365,0
MAUn,2,ARTIBA,334,0.266986411,NA,NA,2.672,2,48.597,31
MAUn,2,ASPH,21,0.016786571,5.607,7,0.168,0,3.0555,2
MAUn,2,ASTRAG,50,0.039968026,13.35,12,0.4,0,7.275,9
MAUn,2,atract,1,0.000799361,0.267,1,0.008,0,0.1455,1
MAUn,2,BRADI,1,0.000799361,0.267,0,0.008,0,0.1455,0
MAUn,2,BRORU,34,0.027178257,9.078,12,0.272,0,4.947,9
MAUn,2,BUPLEU,22,0.017585931,5.874,6,0.176,1,3.201,9
MAUn,2,DACT,48,0.038369305,12.816,22,0.384,1,6.984,16
MAUn,2,desma,3,0.002398082,0.801,0,0.024,0,0.4365,2
MAUn,2,DIPLO,1,0.000799361,0.267,0,0.008,0,0.1455,1
MAUn,2,eryca,1,0.000799361,0.267,0,0.008,0,0.1455,0
MAUn,2,FILAGO,24,0.019184652,6.408,2,0.192,0,3.492,5
MAUn,2,GALIVE,11,0.008792966,2.937,3,0.088,0,1.6005,3
MAUn,2,HORDEUM,1,0.000799361,0.267,0,0.008,0,0.1455,0
MAUn,2,HYP,2,0.001598721,0.534,1,0.016,0,0.291,0
MAUn,2,LALA,2,0.001598721,0.534,0,0.016,0,0.291,0
MAUn,2,LINU,1,0.000799361,0.267,1,0.008,0,0.1455,0
MAUn,2,lygi,10,0.007993605,2.67,2,NA,NA,1.455,1
MAUn,2,NEATOS,4,0.003197442,1.068,1,0.032,0,0.582,0
MAUn,2,phalaris,17,0.013589129,4.539,5,0.136,0,2.4735,6
MAUn,2,PLAFRA,42,0.033573141,11.214,8,0.336,0,6.111,10
MAUn,2,PLAL,25,0.019984013,6.675,3,0.2,0,3.6375,4
MAUn,2,plalag,1,0.000799361,0.267,1,0.008,0,0.1455,0
MAUn,2,SAGE,1,0.000799361,0.267,1,0.008,0,0.1455,0
MAUn,2,save,182,0.145483613,48.594,31,1.456,1,NA,NA
MAUn,2,sonchus,1,0.000799361,0.267,0,0.008,0,0.1455,0
MAUn,2,STIPAR,42,0.033573141,11.214,23,0.336,1,6.111,4
MAUn,2,SUAEDA,6,0.004796163,1.602,1,0.048,0,0.873,0
MAUn,2,trigomon,8,0.006394884,2.136,6,0.064,0,1.164,1
MAUn,3,ARTIBA,350,0.28,NA,NA,24.92,8,29.4,12
MAUn,3,ASPH,21,0.0168,5.88,7,1.4952,1,1.764,6
MAUn,3,ASTRAG,33,0.0264,9.24,5,2.3496,2,2.772,3
MAUn,3,BRADI,1,0.0008,0.28,0,0.0712,0,0.084,0
MAUn,3,BRARE,1,0.0008,0.28,0,0.0712,0,0.084,0
MAUn,3,BRORU,28,0.0224,7.84,2,1.9936,5,2.352,8
MAUn,3,BUPLEU,21,0.0168,5.88,0,1.4952,4,1.764,4
MAUn,3,conv,4,0.0032,1.12,3,0.2848,0,0.336,0
MAUn,3,DACT,60,0.048,16.8,17,4.272,5,5.04,9
MAUn,3,DESMA,9,0.0072,2.52,2,0.6408,0,0.756,3
MAUn,3,DIPLO,5,0.004,1.4,1,0.356,1,0.42,1
MAUn,3,erodiun,2,0.0016,0.56,1,0.1424,0,0.168,1
MAUn,3,eryca,1,0.0008,0.28,0,0.0712,0,0.084,0
MAUn,3,FILAGO,10,0.008,2.8,2,0.712,0,0.84,0
MAUn,3,GALIVE,20,0.016,5.6,4,1.424,4,1.68,2
MAUn,3,HELISA,3,0.0024,0.84,0,0.2136,0,0.252,1
MAUn,3,HORDEUM,12,0.0096,3.36,1,0.8544,0,1.008,7
MAUn,3,HYP,1,0.0008,0.28,0,0.0712,1,0.084,0
MAUn,3,limonium,1,0.0008,0.28,0,0.0712,0,0.084,0
MAUn,3,LINU,13,0.0104,3.64,4,0.9256,2,1.092,1
MAUn,3,lygi,89,0.0712,24.92,8,NA,NA,7.476,5
MAUn,3,MEDILIT,7,0.0056,1.96,3,0.4984,1,0.588,0
MAUn,3,NEATOS,3,0.0024,0.84,1,0.2136,0,0.252,1
MAUn,3,phalaris,22,0.0176,6.16,7,1.5664,0,1.848,5
MAUn,3,PLAFRA,23,0.0184,6.44,6,1.6376,3,1.932,3
MAUn,3,PLAL,1,0.0008,0.28,0,0.0712,0,0.084,0
MAUn,3,plalag,5,0.004,1.4,0,0.356,0,0.42,1
MAUn,3,save,105,0.084,29.4,12,7.476,5,NA,NA
MAUn,3,SEDU,5,0.004,1.4,3,0.356,1,0.42,0
MAUn,3,silenoc,1,0.0008,0.28,1,0.0712,0,0.084,0
MAUn,3,sonchus,1,0.0008,0.28,0,0.0712,1,0.084,0
MAUn,3,STIPALAG,3,0.0024,0.84,0,0.2136,0,0.252,0
MAUn,3,STIPAR,150,0.12,42,39,10.68,0,12.6,9
MAUn,3,SUAEDA,29,0.0232,8.12,4,2.0648,4,2.436,0
MAUn,3,trigomon,13,0.0104,3.64,3,0.9256,1,1.092,2
MAUn,4,ARTIBA,327,0.261390887,NA,NA,1.308,2,65.8578,34
MAUn,4,ASPH,10,0.007993605,2.614,2,0.04,0,2.014,2
MAUn,4,ASTRAG,71,0.056754596,18.5594,10,0.284,0,14.2994,20
MAUn,4,BRORU,11,0.008792966,2.8754,1,0.044,1,2.2154,7
MAUn,4,BUPLEU,55,0.043964828,14.377,0,0.22,0,11.077,22
MAUn,4,compu,1,0.000799361,0.2614,1,0.004,0,0.2014,0
MAUn,4,DACT,63,0.050359712,16.4682,19,0.252,0,12.6882,25
MAUn,4,DESMA,7,0.005595524,1.8298,3,0.028,0,1.4098,0
MAUn,4,DIPLO,9,0.007194245,2.3526,2,0.036,0,1.8126,6
MAUn,4,erodiun,1,0.000799361,0.2614,0,0.004,0,0.2014,0
MAUn,4,FILAGO,27,0.021582734,7.0578,4,0.108,0,5.4378,14
MAUn,4,GALIVE,4,0.003197442,1.0456,1,0.016,0,0.8056,2
MAUn,4,HORDEUM,20,0.01598721,5.228,4,0.08,0,4.028,11
MAUn,4,LINU,1,0.000799361,0.2614,0,0.004,0,0.2014,0
MAUn,4,lygi,5,0.003996803,1.307,2,NA,NA,1.007,0
MAUn,4,MEDILIT,10,0.007993605,2.614,3,0.04,0,2.014,5
MAUn,4,NEATOS,2,0.001598721,0.5228,0,0.008,0,0.4028,1
MAUn,4,phalaris,24,0.019184652,6.2736,11,0.096,0,4.8336,4
MAUn,4,PLAFRA,29,0.023181455,7.5806,8,0.116,0,5.8406,11
MAUn,4,PLAL,15,0.011990408,3.921,3,0.06,0,3.021,2
MAUn,4,save,252,0.201438849,65.8728,34,1.008,0,NA,NA
MAUn,4,SEDU,2,0.001598721,0.5228,1,0.008,0,0.4028,0
MAUn,4,sonchus,1,0.000799361,0.2614,1,0.004,0,0.2014,1
MAUn,4,STIPALAG,2,0.001598721,0.5228,0,0.008,0,0.4028,1
MAUn,4,STIPAR,41,0.032773781,10.7174,12,0.164,0,8.2574,8
MAUn,4,SUAEDA,4,0.003197442,1.0456,0,0.016,0,0.8056,1
MAUn,4,trigomon,2,0.001598721,0.5228,1,0.008,0,0.4028,1
MAUn,5,ARTIBA,325,0.26,NA,NA,37.18,13,33.54,22
MAUn,5,ASPH,9,0.0072,2.34,3,1.0296,0,0.9288,2
MAUn,5,ASTER,1,0.0008,0.26,0,0.1144,0,0.1032,0
MAUn,5,ASTRAG,22,0.0176,5.72,12,2.5168,0,2.2704,3
MAUn,5,BRARE,2,0.0016,0.52,1,0.2288,0,0.2064,0
MAUn,5,BRORU,11,0.0088,2.86,5,1.2584,0,1.1352,2
MAUn,5,BUPLEU,26,0.0208,6.76,4,2.9744,1,2.6832,9
MAUn,5,DACT,54,0.0432,14.04,28,6.1776,1,5.5728,13
MAUn,5,DESMA,8,0.0064,2.08,3,0.9152,2,0.8256,1
MAUn,5,DIPLO,11,0.0088,2.86,0,1.2584,1,1.1352,1
MAUn,5,elyrep,5,0.004,1.3,1,0.572,0,0.516,0
MAUn,5,erodiun,4,0.0032,1.04,1,0.4576,0,0.4128,2
MAUn,5,FILAGO,13,0.0104,3.38,3,1.4872,1,1.3416,2
MAUn,5,GALIVE,11,0.0088,2.86,5,1.2584,0,1.1352,0
MAUn,5,HEDYP,1,0.0008,0.26,0,0.1144,0,0.1032,0
MAUn,5,HORDEUM,41,0.0328,10.66,8,4.6904,0,4.2312,13
MAUn,5,hyp,2,0.0016,0.52,0,0.2288,0,0.2064,0
MAUn,5,LINU,38,0.0304,9.88,14,4.3472,1,3.9216,3
MAUn,5,lygi,143,0.1144,37.18,13,NA,NA,14.7576,4
MAUn,5,MEDI,5,0.004,1.3,0,0.572,1,0.516,0
MAUn,5,phalaris,27,0.0216,7.02,9,3.0888,4,2.7864,6
MAUn,5,PLAFRA,40,0.032,10.4,6,4.576,2,4.128,8
MAUn,5,PLAL,9,0.0072,2.34,4,1.0296,0,0.9288,0
MAUn,5,plalag,9,0.0072,2.34,2,1.0296,0,0.9288,1
MAUn,5,save,129,0.1032,33.54,22,14.7576,4,NA,NA
MAUn,5,SENECIO,1,0.0008,0.26,0,0.1144,1,0.1032,0
MAUn,5,spheno,1,0.0008,0.26,0,0.1144,0,0.1032,0
MAUn,5,STIPAR,181,0.1448,47.06,64,20.7064,2,18.6792,16
MAUn,5,SUAEDA,44,0.0352,11.44,7,5.0336,2,4.5408,2
MAUn,5,trigomon,12,0.0096,3.12,5,1.3728,0,1.2384,2
MAUn,6,ARTIBA,282,0.225419664,NA,NA,27.2694,9,27.495,16
MAUn,6,ASTRAG,44,0.035171863,9.9176,22,4.2548,4,4.29,2
MAUn,6,BRORU,1,0.000799361,0.2254,0,0.0967,0,0.0975,0
MAUn,6,BUPLEU,25,0.019984013,5.635,6,2.4175,8,2.4375,5
MAUn,6,conv,3,0.002398082,0.6762,2,0.2901,0,0.2925,0
MAUn,6,DACT,91,0.072741807,20.5114,44,8.7997,2,8.8725,22
MAUn,6,DESMA,3,0.002398082,0.6762,0,0.2901,0,0.2925,0
MAUn,6,DIPLO,1,0.000799361,0.2254,1,0.0967,1,0.0975,0
MAUn,6,erodiun,1,0.000799361,0.2254,0,0.0967,0,0.0975,0
MAUn,6,FILAGO,10,0.007993605,2.254,4,0.967,3,0.975,3
MAUn,6,GALIVE,9,0.007194245,2.0286,2,0.8703,2,0.8775,1
MAUn,6,HORDEUM,15,0.011990408,3.381,6,1.4505,0,1.4625,3
MAUn,6,HYP,1,0.000799361,0.2254,0,0.0967,0,0.0975,0
MAUn,6,LINU,2,0.001598721,0.4508,1,0.1934,1,0.195,0
MAUn,6,lygi,121,0.096722622,27.2734,9,NA,NA,11.7975,0
MAUn,6,MEDILIT,2,0.001598721,0.4508,1,0.1934,0,0.195,0
MAUn,6,NEATOS,3,0.002398082,0.6762,2,0.2901,1,0.2925,1
MAUn,6,phalaris,3,0.002398082,0.6762,1,0.2901,0,0.2925,0
MAUn,6,PLAFRA,31,0.024780176,6.9874,6,2.9977,12,3.0225,1
MAUn,6,PLAL,58,0.04636291,13.0732,8,5.6086,3,5.655,6
MAUn,6,save,122,0.097521982,27.4988,16,11.7974,0,NA,NA
MAUn,6,SEDU,6,0.004796163,1.3524,4,0.5802,0,0.585,0
MAUn,6,SENECIO,8,0.006394884,1.8032,2,0.7736,3,0.78,1
MAUn,6,STIPAR,95,0.075939249,21.413,14,9.1865,3,9.2625,27
MAUn,6,SUAEDA,29,0.023181455,6.5366,4,2.8043,4,2.8275,1
MAUn,6,trigomon,10,0.007993605,2.254,4,0.967,1,0.975,0
MAG,1,aegg,1,0.0008,0.2576,0,0.004,0,0.0448,0
MAG,1,aizoon,3,0.0024,0.7728,0,0.012,0,0.1344,0
MAG,1,anacyclu,30,0.024,7.728,6,0.12,0,1.344,2
MAG,1,ANAGA,1,0.0008,0.2576,0,0.004,0,0.0448,0
MAG,1,ARTIBA,322,0.2576,NA,NA,1.288,0,14.4256,4
MAG,1,ASPH,7,0.0056,1.8032,1,0.028,0,0.3136,0
MAG,1,ASTRAG,69,0.0552,17.7744,10,0.276,0,3.0912,1
MAG,1,BRADI,76,0.0608,19.5776,28,0.304,0,3.4048,5
MAG,1,BRORU,89,0.0712,22.9264,44,0.356,0,3.9872,8
MAG,1,BUPLEU,24,0.0192,6.1824,2,0.096,0,1.0752,4
MAG,1,cabu,1,0.0008,0.2576,0,0.004,0,0.0448,1
MAG,1,centa,1,0.0008,0.2576,1,0.004,0,0.0448,0
MAG,1,dact,9,0.0072,2.3184,4,0.036,0,0.4032,0
MAG,1,desma,7,0.0056,1.8032,2,0.028,0,0.3136,0
MAG,1,DIPLO,12,0.0096,3.0912,0,0.048,0,0.5376,0
MAG,1,eryca,1,0.0008,0.2576,0,0.004,0,0.0448,0
MAG,1,FILAGO,24,0.0192,6.1824,1,0.096,0,1.0752,1
MAG,1,GALIVE,6,0.0048,1.5456,0,0.024,0,0.2688,0
MAG,1,helisa,7,0.0056,1.8032,2,0.028,0,0.3136,0
MAG,1,hernci,1,0.0008,0.2576,0,0.004,0,0.0448,0
MAG,1,HORDEUM,73,0.0584,18.8048,23,0.292,0,3.2704,12
MAG,1,lopho,11,0.0088,2.8336,2,0.044,0,0.4928,0
MAG,1,lygi,5,0.004,1.288,0,NA,NA,0.224,0
MAG,1,MEDILIT,1,0.0008,0.2576,1,0.004,0,0.0448,0
MAG,1,NEATOS,8,0.0064,2.0608,3,0.032,0,0.3584,0
MAG,1,PEGANUM,9,0.0072,2.3184,1,0.036,0,0.4032,0
MAG,1,phalaris,2,0.0016,0.5152,1,0.008,0,0.0896,0
MAG,1,PLAFRA,9,0.0072,2.3184,1,0.036,0,0.4032,0
MAG,1,PLAL,60,0.048,15.456,12,0.24,0,2.688,1
MAG,1,save,56,0.0448,14.4256,4,0.224,0,NA,NA
MAG,1,STIPALAG,10,0.008,2.576,1,0.04,0,0.448,1
MAG,1,STIPAR,5,0.004,1.288,0,0.02,0,0.224,0
MAG,1,SUAEDA,23,0.0184,5.9248,5,0.092,0,1.0304,0
MAG,1,trigomon,3,0.0024,0.7728,0,0.012,0,0.1344,0
MAG,2,anacyclu,6,0.004796163,1.3284,1,0.1632,1,0.0816,0
MAG,2,art,12,0.009592326,2.6568,0,0.3264,0,0.1632,0
MAG,2,ARTIBA,277,0.221422862,NA,NA,7.5344,1,3.7672,1
MAG,2,ASPH,41,0.032773781,9.0774,7,1.1152,1,0.5576,0
MAG,2,ASTRAG,19,0.01518785,4.2066,3,0.5168,0,0.2584,0
MAG,2,BRADI,13,0.010391687,2.8782,1,0.3536,0,0.1768,0
MAG,2,BRARE,23,0.018385292,5.0922,0,0.6256,2,0.3128,0
MAG,2,BRORU,40,0.03197442,8.856,22,1.088,1,0.544,1
MAG,2,BUPLEU,7,0.005595524,1.5498,1,0.1904,0,0.0952,0
MAG,2,centa,3,0.002398082,0.6642,0,0.0816,0,0.0408,0
MAG,2,DACT,1,0.000799361,0.2214,0,0.0272,0,0.0136,0
MAG,2,desma,4,0.003197442,0.8856,1,0.1088,0,0.0544,0
MAG,2,erodiun,3,0.002398082,0.6642,0,0.0816,0,0.0408,0
MAG,2,eryca,1,0.000799361,0.2214,0,0.0272,0,0.0136,0
MAG,2,FILAGO,5,0.003996803,1.107,1,0.136,0,0.068,0
MAG,2,frank,1,0.000799361,0.2214,0,0.0272,0,0.0136,0
MAG,2,geranium,1,0.000799361,0.2214,0,0.0272,0,0.0136,0
MAG,2,helisa,1,0.000799361,0.2214,1,0.0272,0,0.0136,0
MAG,2,HORDEUM,12,0.009592326,2.6568,3,0.3264,0,0.1632,1
MAG,2,HYP,2,0.001598721,0.4428,1,0.0544,0,0.0272,0
MAG,2,limonium,53,0.042366107,11.7342,0,1.4416,0,0.7208,0
MAG,2,LINU,9,0.007194245,1.9926,3,0.2448,0,0.1224,0
MAG,2,lopho,4,0.003197442,0.8856,1,0.1088,0,0.0544,0
MAG,2,lygi,34,0.027178257,7.5276,1,NA,NA,0.4624,0
MAG,2,medilit,2,0.001598721,0.4428,0,0.0544,0,0.0272,0
MAG,2,NEATOS,6,0.004796163,1.3284,1,0.1632,0,0.0816,0
MAG,2,PEGANUM,2,0.001598721,0.4428,0,0.0544,0,0.0272,1
MAG,2,PLAFRA,17,0.013589129,3.7638,2,0.4624,1,0.2312,0
MAG,2,PLAL,110,0.087929656,24.354,15,2.992,0,1.496,2
MAG,2,save,17,0.013589129,3.7638,1,0.4624,0,NA,NA
MAG,2,sonchus,2,0.001598721,0.4428,2,0.0544,0,0.0272,0
MAG,2,spergula,2,0.001598721,0.4428,0,0.0544,0,0.0272,0
MAG,2,spheno,7,0.005595524,1.5498,0,0.1904,0,0.0952,0
MAG,2,STIPAR,13,0.010391687,2.8782,1,0.3536,0,0.1768,0
MAG,2,SUAEDA,79,0.06314948,17.4906,3,2.1488,1,1.0744,0
MAG,2,trigomon,4,0.003197442,0.8856,1,0.1088,0,0.0544,0
MAG,3,aizon,5,0.004,1.156,0,0.02,0,0.204,2
MAG,3,anacyclu,7,0.0056,1.6184,1,0.028,0,0.2856,0
MAG,3,ARTIBA,289,0.2312,NA,NA,1.156,1,11.7912,4
MAG,3,ASPH,7,0.0056,1.6184,0,0.028,0,0.2856,1
MAG,3,ASTRAG,69,0.0552,15.9528,13,0.276,0,2.8152,2
MAG,3,BRADI,24,0.0192,5.5488,12,0.096,0,0.9792,3
MAG,3,BRORU,35,0.028,8.092,9,0.14,0,1.428,11
MAG,3,BUPLEU,24,0.0192,5.5488,3,0.096,0,0.9792,3
MAG,3,DACT,13,0.0104,3.0056,8,0.052,0,0.5304,2
MAG,3,DESMA,6,0.0048,1.3872,0,0.024,0,0.2448,0
MAG,3,DIPLO,17,0.0136,3.9304,1,0.068,0,0.6936,2
MAG,3,ELY,1,0.0008,0.2312,0,0.004,0,0.0408,1
MAG,3,erodiun,2,0.0016,0.4624,0,0.008,0,0.0816,0
MAG,3,eryca,1,0.0008,0.2312,0,0.004,0,0.0408,0
MAG,3,FILAGO,4,0.0032,0.9248,2,0.016,0,0.1632,0
MAG,3,hedyp,7,0.0056,1.6184,1,0.028,0,0.2856,1
MAG,3,helisa,12,0.0096,2.7744,4,0.048,0,0.4896,0
MAG,3,HORDEUM,36,0.0288,8.3232,15,0.144,0,1.4688,3
MAG,3,koelerval,2,0.0016,0.4624,0,0.008,0,0.0816,0
MAG,3,lygi,5,0.004,1.156,1,NA,NA,0.204,0
MAG,3,medilit,1,0.0008,0.2312,0,0.004,1,0.0408,0
MAG,3,NEATOS,1,0.0008,0.2312,0,0.004,0,0.0408,0
MAG,3,peganum,1,0.0008,0.2312,0,0.004,0,0.0408,0
MAG,3,phalaris,2,0.0016,0.4624,2,0.008,0,0.0816,0
MAG,3,PLAFRA,18,0.0144,4.1616,2,0.072,0,0.7344,1
MAG,3,PLAL,135,0.108,31.212,34,0.54,2,5.508,7
MAG,3,rapis,1,0.0008,0.2312,0,0.004,0,0.0408,0
MAG,3,save,51,0.0408,11.7912,4,0.204,0,NA,NA
MAG,3,SEDU,2,0.0016,0.4624,1,0.008,0,0.0816,1
MAG,3,SIDEHIR,1,0.0008,0.2312,0,0.004,0,0.0408,0
MAG,3,spergula,4,0.0032,0.9248,0,0.016,0,0.1632,0
MAG,3,STIPAR,25,0.02,5.78,12,0.1,0,1.02,2
MAG,3,THYMUVU,2,0.0016,0.4624,0,0.008,0,0.0816,0
MAG,3,THYMUZY,1,0.0008,0.2312,0,0.004,0,0.0408,0
MAG,3,trigomon,3,0.0024,0.6936,1,0.012,0,0.1224,0
MAG,4,art,11,0.008792966,1.7501,0,0.3784,0,0.3344,0
MAG,4,ARTIBA,199,0.159072742,NA,NA,6.8456,0,6.0496,3
MAG,4,ASPH,40,0.03197442,6.364,10,1.376,1,1.216,3
MAG,4,ASTRAG,18,0.014388489,2.8638,3,0.6192,0,0.5472,1
MAG,4,BRADI,13,0.010391687,2.0683,6,0.4472,0,0.3952,4
MAG,4,BRARE,71,0.056754596,11.2961,0,2.4424,6,2.1584,0
MAG,4,BRORU,18,0.014388489,2.8638,10,0.6192,0,0.5472,4
MAG,4,BUPLEU,8,0.006394884,1.2728,0,0.2752,0,0.2432,2
MAG,4,centa,1,0.000799361,0.1591,0,0.0344,0,0.0304,0
MAG,4,crucifera,1,0.000799361,0.1591,0,0.0344,0,0.0304,0
MAG,4,DACT,2,0.001598721,0.3182,2,0.0688,0,0.0608,0
MAG,4,DESMA,4,0.003197442,0.6364,2,0.1376,0,0.1216,1
MAG,4,DIPLO,1,0.000799361,0.1591,0,0.0344,0,0.0304,0
MAG,4,FILAGO,1,0.000799361,0.1591,0,0.0344,0,0.0304,1
MAG,4,geranium,2,0.001598721,0.3182,0,0.0688,1,0.0608,0
MAG,4,hedyp,10,0.007993605,1.591,2,0.344,0,0.304,2
MAG,4,helisa,2,0.001598721,0.3182,2,0.0688,0,0.0608,0
MAG,4,HORDEUM,12,0.009592326,1.9092,6,0.4128,0,0.3648,2
MAG,4,limon,41,0.032773781,6.5231,0,1.4104,6,1.2464,0
MAG,4,LINU,1,0.000799361,0.1591,0,0.0344,0,0.0304,0
MAG,4,lygi,43,0.034372502,6.8413,0,NA,NA,1.3072,0
MAG,4,medilit,4,0.003197442,0.6364,1,0.1376,0,0.1216,1
MAG,4,narsal,1,0.000799361,0.1591,0,0.0344,0,0.0304,1
MAG,4,NEATOS,5,0.003996803,0.7955,0,0.172,0,0.152,1
MAG,4,peganum,1,0.000799361,0.1591,0,0.0344,0,0.0304,0
MAG,4,phalaris,4,0.003197442,0.6364,2,0.1376,0,0.1216,0
MAG,4,PLAFRA,17,0.013589129,2.7047,6,0.5848,0,0.5168,0
MAG,4,PLAL,169,0.135091926,26.8879,25,5.8136,0,5.1376,12
MAG,4,plantula,2,0.001598721,0.3182,0,0.0688,0,0.0608,0
MAG,4,save,38,0.030375699,6.0458,3,1.3072,0,NA,NA
MAG,4,SEDU,1,0.000799361,0.1591,0,0.0344,0,0.0304,1
MAG,4,spergula,8,0.006394884,1.2728,1,0.2752,0,0.2432,1
MAG,4,spheno,4,0.003197442,0.6364,0,0.1376,1,0.1216,0
MAG,4,STIPAR,23,0.018385292,3.6593,7,0.7912,0,0.6992,5
MAG,4,SUAEDA,81,0.064748201,12.8871,1,2.7864,1,2.4624,0
MAG,4,trigomon,5,0.003996803,0.7955,2,0.172,0,0.152,1
MAG,5,aizon,8,0.0064,1.3312,1,0.0704,0,0.544,2
MAG,5,anacyclu,6,0.0048,0.9984,0,0.0528,0,0.408,2
MAG,5,ARTIBA,208,0.1664,NA,NA,1.8304,2,14.144,9
MAG,5,ASTRAG,49,0.0392,8.1536,13,0.4312,1,3.332,14
MAG,5,BRADI,1,0.0008,0.1664,1,0.0088,0,0.068,0
MAG,5,BRORU,15,0.012,2.496,3,0.132,0,1.02,3
MAG,5,BUPLEU,31,0.0248,5.1584,2,0.2728,1,2.108,8
MAG,5,DACT,15,0.012,2.496,5,0.132,2,1.02,1
MAG,5,DIPLO,19,0.0152,3.1616,3,0.1672,0,1.292,1
MAG,5,eryca,3,0.0024,0.4992,0,0.0264,0,0.204,0
MAG,5,FILAGO,4,0.0032,0.6656,0,0.0352,0,0.272,0
MAG,5,HEDYP,2,0.0016,0.3328,0,0.0176,0,0.136,0
MAG,5,HELISA,6,0.0048,0.9984,6,0.0528,0,0.408,0
MAG,5,HORDEUM,34,0.0272,5.6576,14,0.2992,1,2.312,11
MAG,5,lygi,11,0.0088,1.8304,2,NA,NA,0.748,0
MAG,5,phalaris,2,0.0016,0.3328,0,0.0176,0,0.136,1
MAG,5,PLAFRA,23,0.0184,3.8272,2,0.2024,1,1.564,11
MAG,5,PLAL,101,0.0808,16.8064,11,0.8888,0,6.868,1
MAG,5,poabul,1,0.0008,0.1664,1,0.0088,0,0.068,0
MAG,5,rapis,1,0.0008,0.1664,1,0.0088,0,0.068,0
MAG,5,save,85,0.068,14.144,9,0.748,0,NA,NA
MAG,5,SEDU,2,0.0016,0.3328,2,0.0176,0,0.136,0
MAG,5,spergula,3,0.0024,0.4992,0,0.0264,0,0.204,0
MAG,5,STIPAR,16,0.0128,2.6624,6,0.1408,0,1.088,0
MAG,5,SUAEDA,4,0.0032,0.6656,0,0.0352,0,0.272,0
MAG,5,THYMUVU,2,0.0016,0.3328,0,0.0176,0,0.136,0
MAG,5,trigomon,12,0.0096,1.9968,3,0.1056,0,0.816,3
MAG,6,art,40,0.03197442,6.556,0,0.928,0,0.608,0
MAG,6,ARTIBA,205,0.163868905,NA,NA,4.756,0,3.116,5
MAG,6,ASPH,32,0.025579536,5.2448,9,0.7424,0,0.4864,1
MAG,6,ASTRAG,15,0.011990408,2.4585,5,0.348,0,0.228,0
MAG,6,BRADI,6,0.004796163,0.9834,5,0.1392,0,0.0912,0
MAG,6,BRARE,39,0.03117506,6.3921,0,0.9048,1,0.5928,0
MAG,6,BRORU,7,0.005595524,1.1473,3,0.1624,0,0.1064,0
MAG,6,BUPLEU,4,0.003197442,0.6556,0,0.0928,1,0.0608,0
MAG,6,cabu,3,0.002398082,0.4917,1,0.0696,0,0.0456,0
MAG,6,centa,3,0.002398082,0.4917,0,0.0696,0,0.0456,2
MAG,6,DACT,12,0.009592326,1.9668,11,0.2784,0,0.1824,0
MAG,6,eryca,1,0.000799361,0.1639,0,0.0232,0,0.0152,0
MAG,6,FILAGO,4,0.003197442,0.6556,1,0.0928,0,0.0608,0
MAG,6,frank,7,0.005595524,1.1473,0,0.1624,0,0.1064,0
MAG,6,GALIVE,1,0.000799361,0.1639,1,0.0232,0,0.0152,0
MAG,6,geranium,5,0.003996803,0.8195,0,0.116,0,0.076,0
MAG,6,HEDYP,1,0.000799361,0.1639,0,0.0232,0,0.0152,0
MAG,6,HELISA,2,0.001598721,0.3278,2,0.0464,0,0.0304,0
MAG,6,HORDEUM,11,0.008792966,1.8029,5,0.2552,0,0.1672,5
MAG,6,limonium,21,0.016786571,3.4419,0,0.4872,2,0.3192,0
MAG,6,LINU,3,0.002398082,0.4917,1,0.0696,0,0.0456,1
MAG,6,lygi,29,0.023181455,4.7531,0,NA,NA,0.4408,0
MAG,6,MEDILIT,3,0.002398082,0.4917,2,0.0696,0,0.0456,0
MAG,6,NEATOS,6,0.004796163,0.9834,3,0.1392,0,0.0912,0
MAG,6,PEGANUM,2,0.001598721,0.3278,0,0.0464,0,0.0304,0
MAG,6,placor,1,0.000799361,0.1639,0,0.0232,0,0.0152,0
MAG,6,PLAFRA,8,0.006394884,1.3112,3,0.1856,0,0.1216,1
MAG,6,PLAL,199,0.159072742,32.6161,28,4.6168,0,3.0248,2
MAG,6,plantula,1,0.000799361,0.1639,0,0.0232,0,0.0152,0
MAG,6,save,19,0.01518785,3.1141,5,0.4408,0,NA,NA
MAG,6,SEDU,1,0.000799361,0.1639,0,0.0232,0,0.0152,0
MAG,6,SENECIO,1,0.000799361,0.1639,0,0.0232,0,0.0152,0
MAG,6,sonchus,1,0.000799361,0.1639,0,0.0232,0,0.0152,0
MAG,6,spergula,8,0.006394884,1.3112,0,0.1856,1,0.1216,0
MAG,6,spheno,16,0.012789768,2.6224,0,0.3712,2,0.2432,0
MAG,6,STIPAR,49,0.039168665,8.0311,21,1.1368,0,0.7448,5
MAG,6,SUAEDA,36,0.028776978,5.9004,1,0.8352,1,0.5472,0
MAG,6,THYMUZY,2,0.001598721,0.3278,0,0.0464,0,0.0304,0
MAG,6,trigomon,11,0.008792966,1.8029,6,0.2552,0,0.1672,0
